,Date,Time,Status,Team 1,Team 2,Score,Result,Year
0,"Sunday, 07 October",20:00 (IST),Match 1 - Completed ,Tamil,Patna,42  - 26,Tamil Thalaivas beat Patna Pirates (42-26),2018
1,"Sunday, 07 October",21:00 (IST),Match 2 - Completed ,Puneri,U,32  - 32,Match Tied,2018
2,"Monday, 08 October",20:00 (IST),Match 3 - Completed ,Puneri,Haryana,34  - 22,Puneri Paltan beat Haryana Steelers (34-22),2018
3,"Monday, 08 October",21:00 (IST),Match 4 - Completed ,Tamil,U.P.,32  - 37,U.P. Yoddha beat Tamil Thalaivas (37-32),2018
4,"Tuesday, 09 October",20:00 (IST),Match 5 - Completed ,Dabang,Gujarat,32  - 32,Match Tied,2018
5,"Tuesday, 09 October",21:00 (IST),Match 6 - Completed ,Tamil,Telugu,28  - 33,Telugu Titans beat Tamil Thalaivas (33-28),2018
6,"Wednesday, 10 October",20:00 (IST),Match 7 - Completed ,U,Jaipur,39  - 32,U Mumba beat Jaipur Pink Panthers (39-32),2018
7,"Wednesday, 10 October",21:00 (IST),Match 8 - Completed ,Tamil,Bengaluru,37  - 48,Bengaluru Bulls beat Tamil Thalaivas (48-37),2018
8,"Thursday, 11 October",20:00 (IST),Match 9 - Completed ,U.P.,Patna,41  - 43,Patna Pirates beat U.P. Yoddha (43-41),2018
9,"Thursday, 11 October",21:00 (IST),Match 10 - Completed ,Tamil,Bengal,27  - 36,Bengal Warriors beat Tamil Thalaivas (36-27),2018
10,"Friday, 12 October",20:00 (IST),Match 11 - Completed ,Haryana,Gujarat,32  - 25,Haryana Steelers beat Gujarat Fortunegiants (32-25),2018
11,"Friday, 12 October",21:00 (IST),Match 12 - Completed ,Puneri,Dabang,36  - 41,Dabang Delhi K.C. beat Puneri Paltan (41-37),2018
12,"Saturday, 13 October",20:00 (IST),Match 13 - Completed ,Telugu,U.P.,34  - 29,Telugu Titans beat U.P. Yoddha (34-29),2018
13,"Saturday, 13 October",21:00 (IST),Match 14 - Completed ,Haryana,U,26  - 53,U Mumba beat Haryana Steelers (53-26),2018
14,"Sunday, 14 October",20:00 (IST),Match 15 - Completed ,Patna,U.P.,43  - 37,Patna Pirates beat U.P. Yoddha (43-37),2018
15,"Sunday, 14 October",21:00 (IST),Match 16 - Completed ,Haryana,Puneri,27  - 45,Puneri Paltan beat Haryana Steelers (45-27),2018
16,"Tuesday, 16 October",20:00 (IST),Match 17 - Completed ,Bengal,Telugu,30  - 25,Bengal Warriors beat Telugu Titans (30-25),2018
17,"Tuesday, 16 October",21:00 (IST),Match 18 - Completed ,Haryana,Jaipur,33  - 36,Jaipur Pink Panthers beat Haryana Steelers (36-33),2018
18,"Wednesday, 17 October",20:00 (IST),Match 19 - Completed ,Bengaluru,Tamil,44  - 35,Bengaluru Bulls beat Tamil Thalaivas (44-35),2018
19,"Wednesday, 17 October",21:00 (IST),Match 20 - Completed ,Haryana,U,32  - 42,U Mumba beat Haryana Steelers (42-32),2018
20,"Thursday, 18 October",20:00 (IST),Match 21 - Completed ,Haryana,Dabang,34  - 31,Haryana Steelers beat Dabang Delhi K.C. (34-31),2018
21,"Thursday, 18 October",21:00 (IST),Match 22 - Completed ,Puneri,Gujarat,28  - 34,Gujarat Fortunegiants beat Puneri Paltan (34-28),2018
22,"Friday, 19 October",20:00 (IST),Match 23 - Completed ,Patna,Telugu,31  - 35,Telugu Titans beat Patna Pirates (35-31),2018
23,"Friday, 19 October",21:00 (IST),Match 24 - Completed ,Puneri,Jaipur,29  - 25,Puneri Paltan beat Jaipur Pink Panthers (29-25),2018
24,"Saturday, 20 October",20:00 (IST),Match 25 - Completed ,U.P.,Bengal,40  - 40,Match Tied,2018
25,"Saturday, 20 October",21:00 (IST),Match 26 - Completed ,Puneri,U,33  - 32,Puneri Paltan beat U Mumba (33-32),2018
26,"Sunday, 21 October",20:00 (IST),Match 27 - Completed ,Dabang,Bengal,39  - 30,Dabang Delhi K.C. beat Bengal Warriors (39-30),2018
27,"Sunday, 21 October",21:00 (IST),Match 28 - Completed ,Puneri,Bengaluru,27  - 25,Puneri Paltan beat Bengaluru Bulls (27-25),2018
28,"Tuesday, 23 October",20:00 (IST),Match 29 - Completed ,U,Telugu,41  - 20,U Mumba beat Telugu Titans (41-20),2018
29,"Tuesday, 23 October",21:00 (IST),Match 30 - Completed ,Puneri,Tamil,31  - 36,Tamil Thalaivas beat Puneri Paltan (36-31),2018
30,"Wednesday, 24 October",20:00 (IST),Match 31 - Completed ,Bengaluru,Haryana,42  - 34,Bengaluru Bulls beat Haryana Steelers (42-34),2018
31,"Wednesday, 24 October",21:00 (IST),Match 32 - Completed ,Puneri,U.P.,23  - 29,U.P. Yoddha beat Puneri Paltan (29-23),2018
32,"Friday, 26 October",20:00 (IST),Match 33 - Completed ,Patna,Jaipur,41  - 30,Patna Pirates beat Jaipur Pink Panthers (41-30),2018
33,"Friday, 26 October",21:00 (IST),Match 34 - Completed ,Gujarat,Tamil,36  - 25,Gujarat Fortunegiants beat Tamil Thalaivas (36-25),2018
34,"Saturday, 27 October",20:00 (IST),Match 35 - Completed ,Jaipur,Bengal,28  - 39,Bengal Warriors beat Jaipur Pink Panthers (39-28),2018
35,"Saturday, 27 October",21:00 (IST),Match 36 - Completed ,Patna,U,39  - 40,U Mumba beat Patna Pirates (40-39),2018
36,"Sunday, 28 October",20:00 (IST),Match 37 - Completed ,Dabang,U.P.,36  - 38,U.P. Yoddha beat Dabang Delhi K.C. (38-36),2018
37,"Sunday, 28 October",21:00 (IST),Match 38 - Completed ,Patna,Haryana,32  - 43,Haryana Steelers beat Patna Pirates (43-32),2018
38,"Tuesday, 30 October",20:00 (IST),Match 39 - Completed ,Puneri,Gujarat,27  - 37,Gujarat Fortunegiants beat Puneri Paltan (37-27),2018
39,"Tuesday, 30 October",21:00 (IST),Match 40 - Completed ,Patna,Telugu,32  - 53,Telugu Titans beat Patna Pirates (53-32),2018
40,"Wednesday, 31 October",20:00 (IST),Match 41 - Completed ,Dabang,Puneri,27  - 31,Puneri Paltan beat Dabang Delhi K.C. (31-27),2018
41,"Wednesday, 31 October",21:00 (IST),Match 42 - Completed ,Patna,Bengaluru,41  - 43,Bengaluru Bulls beat Patna Pirates (43-41),2018
42,"Thursday, 01 November",20:00 (IST),Match 43 - Completed ,Patna,Bengal,29  - 27,Patna Pirates beat Bengal Warriors (29-27),2018
43,"Friday, 02 November",20:00 (IST),Match 44 - Completed ,U.P.,Tamil,24  - 46,Tamil Thalaivas beat U.P. Yoddha (46-24),2018
44,"Friday, 02 November",21:00 (IST),Match 45 - Completed ,Jaipur,Gujarat,25  - 36,Gujarat Fortunegiants beat Jaipur Pink Panthers (36-25),2018
45,"Saturday, 03 November",20:00 (IST),Match 46 - Completed ,U,Puneri,31  - 22,U Mumba beat Puneri Paltan (31-22),2018
46,"Saturday, 03 November",21:00 (IST),Match 47 - Completed ,U.P.,Bengaluru,29  - 35,Bengaluru Bulls beat U.P. Yoddha (35-29),2018
47,"Sunday, 04 November",20:00 (IST),Match 48 - Completed ,Dabang,Gujarat,38  - 45,Gujarat Fortunegiants beat Dabang Delhi K.C. (45-38),2018
48,"Sunday, 04 November",21:00 (IST),Match 49 - Completed ,U.P.,Bengal,30  - 30,Match Tied,2018
49,"Tuesday, 06 November",20:00 (IST),Match 50 - Completed ,Jaipur,Haryana,38  - 32,Jaipur Pink Panthers beat Haryana Steelers (38-32),2018
50,"Tuesday, 06 November",21:00 (IST),Match 51 - Completed ,U.P.,Telugu,26  - 26,Match Tied,2018
51,"Thursday, 08 November",20:00 (IST),Match 52 - Completed ,Haryana,Dabang,33  - 39,Dabang Delhi K.C. beat Haryana Steelers (39-33),2018
52,"Thursday, 08 November",21:00 (IST),Match 53 - Completed ,U.P.,Bengaluru,27  - 37,Bengaluru Bulls beat U.P. Yoddha (37-27),2018
53,"Friday, 09 November",20:00 (IST),Match 54 - Completed ,U,Jaipur,48  - 24,U Mumba beat Jaipur Pink Panthers (48-24),2018
54,"Friday, 09 November",21:00 (IST),Match 55 - Completed ,Bengal,Telugu,30  - 25,Bengal Warriors beat Telugu Titans (30-25),2018
55,"Saturday, 10 November",20:00 (IST),Match 56 - Completed ,Patna,Bengal,50  - 30,Patna Pirates beat Bengal Warriors (50-30),2018
56,"Saturday, 10 November",21:00 (IST),Match 57 - Completed ,U,Gujarat,36  - 38,Gujarat Fortunegiants beat U Mumba (38-36),2018
57,"Sunday, 11 November",20:00 (IST),Match 58 - Completed ,Jaipur,Dabang,29  - 40,Dabang Delhi K.C. beat Jaipur Pink Panthers (40-29),2018
58,"Sunday, 11 November",21:00 (IST),Match 59 - Completed ,U,Haryana,31  - 35,Haryana Steelers beat U Mumba (35-31),2018
59,"Tuesday, 13 November",20:00 (IST),Match 60 - Completed ,Puneri,Telugu,25  - 28,Telugu Titans beat Puneri Paltan (28-25),2018
60,"Tuesday, 13 November",21:00 (IST),Match 61 - Completed ,U,U.P.,41  - 24,U Mumba beat U.P. Yoddha (41-24),2018
61,"Wednesday, 14 November",20:00 (IST),Match 62 - Completed ,Tamil,Haryana,32  - 32,Match Tied,2018
62,"Wednesday, 14 November",21:00 (IST),Match 63 - Completed ,U,Bengaluru,32  - 29,U Mumba beat Bengaluru Bulls (32-29),2018
63,"Thursday, 15 November",20:00 (IST),Match 64 - Completed ,Patna,Dabang,38  - 35,Patna Pirates beat Dabang Delhi K.C. (38-35),2018
64,"Thursday, 15 November",21:00 (IST),Match 65 - Completed ,U,Tamil,36  - 22,U Mumba beat Tamil Thalaivas (36-22),2018
65,"Friday, 16 November",20:00 (IST),Match 66 - Completed ,Gujarat,Bengal,35  - 23,Gujarat Fortunegiants beat Bengal Warriors (35-23),2018
66,"Friday, 16 November",21:00 (IST),Match 67 - Completed ,Jaipur,U.P.,45  - 28,Jaipur Pink Panthers beat U.P. Yoddha (45-28),2018
67,"Saturday, 17 November",20:00 (IST),Match 68 - Completed ,Puneri,Bengal,22  - 26,Bengal Warriors beat Puneri Paltan (26-22),2018
68,"Saturday, 17 November",21:00 (IST),Match 69 - Completed ,Gujarat,Bengaluru,30  - 30,Match Tied,2018
69,"Sunday, 18 November",20:00 (IST),Match 70 - Completed ,Jaipur,Bengaluru,32  - 45,Bengaluru Bulls beat Jaipur Pink Panthers (45-32),2018
70,"Sunday, 18 November",21:00 (IST),Match 71 - Completed ,Gujarat,U.P.,37  - 32,Gujarat Fortunegiants beat U.P. Yoddha (37-32),2018
71,"Tuesday, 20 November",20:00 (IST),Match 72 - Completed ,Tamil,Telugu,27  - 23,Tamil Thalaivas beat Telugu Titans (27-23),2018
72,"Tuesday, 20 November",21:00 (IST),Match 73 - Completed ,Gujarat,Dabang,26  - 29,Dabang Delhi K.C. beat Gujarat Fortunegiants (29-26),2018
73,"Wednesday, 21 November",20:00 (IST),Match 74 - Completed ,Patna,Tamil,45  - 27,Patna Pirates beat Tamil Thalaivas (45-27),2018
74,"Wednesday, 21 November",21:00 (IST),Match 75 - Completed ,Gujarat,U,39  - 35,Gujarat Fortunegiants beat U Mumba (39-35),2018
75,"Thursday, 22 November",20:00 (IST),Match 76 - Completed ,Gujarat,Haryana,40  - 31,Gujarat Fortunegiants beat Haryana Steelers (40-31),2018
76,"Friday, 23 November",20:00 (IST),Match 77 - Completed ,Bengaluru,Bengal,31  - 33,Bengal Warriors beat Bengaluru Bulls (33-31),2018
77,"Friday, 23 November",21:00 (IST),Match 78 - Completed ,Jaipur,Puneri,30  - 30,Match Tied,2018
78,"Saturday, 24 November",20:00 (IST),Match 79 - Completed ,U,Dabang,39  - 23,U Mumba beat Dabang Delhi K.C. (39-23),2018
79,"Saturday, 24 November",21:00 (IST),Match 80 - Completed ,Bengaluru,Tamil,36  - 22,Bengaluru Bulls beat Tamil Thalaivas (36-22),2018
80,"Sunday, 25 November",20:00 (IST),Match 81 - Completed ,Dabang,Haryana,27  - 34,Haryana Steelers beat Dabang Delhi K.C. (34-27),2018
81,"Sunday, 25 November",21:00 (IST),Match 82 - Completed ,Bengaluru,Patna,32  - 35,Patna Pirates beat Bengaluru Bulls (35-32),2018
82,"Monday, 26 November",20:00 (IST),Match 83 - Completed ,Tamil,Telugu,31  - 25,Tamil Thalaivas beat Telugu Titans (31-25),2018
83,"Monday, 26 November",21:00 (IST),Match 84 - Completed ,Bengaluru,U.P.,37  - 27,Bengaluru Bulls beat U.P. Yoddha (37-27),2018
84,"Wednesday, 28 November",20:00 (IST),Match 85 - Completed ,Haryana,Puneri,33  - 35,Puneri Paltan beat Haryana Steelers (35-33),2018
85,"Wednesday, 28 November",21:00 (IST),Match 86 - Completed ,Bengaluru,Telugu,34  - 26,Bengaluru Bulls beat Telugu Titans (34-26),2018
86,"Thursday, 29 November",20:00 (IST),Match 87 - Completed ,Puneri,Gujarat,20  - 35,Gujarat Fortunegiants beat Puneri Paltan (35-20),2018
87,"Thursday, 29 November",21:00 (IST),Match 88 - Completed ,Bengaluru,Bengal,37  - 44,Bengal Warriors beat Bengaluru Bulls (44-37),2018
88,"Friday, 30 November",20:00 (IST),Match 89 - Completed ,Dabang,Jaipur,48  - 35,Dabang Delhi K.C. beat Jaipur Pink Panthers (48-35),2018
89,"Friday, 30 November",21:00 (IST),Match 90 - Completed ,Tamil,Patna,35  - 35,Match Tied,2018
90,"Saturday, 01 December",20:00 (IST),Match 91 - Completed ,Dabang,U,34  - 41,U Mumba beat Dabang Delhi K.C. (41-34),2018
91,"Sunday, 02 December",20:00 (IST),Match 92 - Completed ,U,Gujarat,36  - 26,U Mumba beat Gujarat Fortunegiants (36-26),2018
92,"Sunday, 02 December",21:00 (IST),Match 93 - Completed ,Dabang,Puneri,35  - 24,Dabang Delhi K.C. beat Puneri Paltan (35-24),2018
93,"Tuesday, 04 December",20:00 (IST),Match 94 - Completed ,Patna,Gujarat,27  - 45,Gujarat Fortunegiants beat Patna Pirates (45-27),2018
94,"Tuesday, 04 December",21:00 (IST),Match 95 - Completed ,Dabang,Telugu,34  - 29,Dabang Delhi K.C. beat Telugu Titans (34-29),2018
95,"Wednesday, 05 December",20:00 (IST),Match 96 - Completed ,Haryana,Bengal,35  - 33,Haryana Steelers beat Bengal Warriors (35-33),2018
96,"Wednesday, 05 December",21:00 (IST),Match 97 - Completed ,Dabang,Bengaluru,32  - 31,Dabang Delhi K.C. beat Bengaluru Bulls (32-31),2018
97,"Thursday, 06 December",20:00 (IST),Match 98 - Completed ,U.P.,Haryana,30  - 29,U.P. Yoddha beat Haryana Steelers (30-29),2018
98,"Thursday, 06 December",21:00 (IST),Match 99 - Completed ,Dabang,Tamil,37  - 33,Dabang Delhi K.C. beat Tamil Thalaivas (37-33),2018
99,"Friday, 07 December",20:00 (IST),Match 100 - Completed ,Telugu,Gujarat,27  - 29,Gujarat Fortunegiants beat Telugu Titans (29-27),2018
100,"Friday, 07 December",21:00 (IST),Match 101 - Completed ,Patna,Puneri,53  - 36,Patna Pirates beat Puneri Paltan (53-36),2018
101,"Saturday, 08 December",20:00 (IST),Match 102 - Completed ,U,Bengal,31  - 20,U Mumba beat Bengal Warriors (31-20),2018
102,"Saturday, 08 December",21:00 (IST),Match 103 - Completed ,Telugu,Jaipur,36  - 26,Telugu Titans beat Jaipur Pink Panthers (36-26),2018
103,"Sunday, 09 December",20:00 (IST),Match 104 - Completed ,Tamil,Jaipur,24  - 37,Jaipur Pink Panthers beat Tamil Thalaivas (37-24),2018
104,"Sunday, 09 December",21:00 (IST),Match 105 - Completed ,Telugu,Haryana,35  - 31,Telugu Titans beat Haryana Steelers (35-31),2018
105,"Tuesday, 11 December",20:00 (IST),Match 106 - Completed ,Dabang,U,19  - 44,U Mumba beat Dabang Delhi K.C. (44-19),2018
106,"Tuesday, 11 December",21:00 (IST),Match 107 - Completed ,Telugu,U.P.,20  - 27,U.P. Yoddha beat Telugu Titans (27-20),2018
107,"Wednesday, 12 December",20:00 (IST),Match 108 - Completed ,Haryana,Gujarat,37  - 47,Gujarat Fortunegiants beat Haryana Steelers (47-37),2018
108,"Wednesday, 12 December",21:00 (IST),Match 109 - Completed ,Telugu,Bengaluru,24  - 37,Bengaluru Bulls beat Telugu Titans (37-24),2018
109,"Thursday, 13 December",20:00 (IST),Match 110 - Completed ,Telugu,Patna,41  - 36,Telugu Titans beat Patna Pirates (41-36),2018
110,"Friday, 14 December",20:00 (IST),Match 111 - Completed ,Jaipur,Puneri,36  - 23,Jaipur Pink Panthers beat Puneri Paltan (36-23),2018
111,"Friday, 14 December",21:00 (IST),Match 112 - Completed ,Bengal,Tamil,28  - 21,Bengal Warriors beat Tamil Thalaivas (28-21),2018
112,"Saturday, 15 December",20:00 (IST),Match 113 - Completed ,U.P.,Tamil,25  - 25,Match Tied,2018
113,"Saturday, 15 December",21:00 (IST),Match 114 - Completed ,Jaipur,U,35  - 35,Match Tied,2018
114,"Sunday, 16 December",20:00 (IST),Match 115 - Completed ,Patna,U.P.,31  - 47,U.P. Yoddha beat Patna Pirates (47-31),2018
115,"Sunday, 16 December",21:00 (IST),Match 116 - Completed ,Jaipur,Gujarat,29  - 34,Gujarat Fortunegiants beat Jaipur Pink Panthers (34-29),2018
116,"Tuesday, 18 December",20:00 (IST),Match 117 - Completed ,Bengaluru,Telugu,44  - 28,Bengaluru Bulls beat Telugu Titans (44-28),2018
117,"Tuesday, 18 December",21:00 (IST),Match 118 - Completed ,Jaipur,Haryana,39  - 30,Jaipur Pink Panthers beat Haryana Steelers (39-30),2018
118,"Wednesday, 19 December",20:00 (IST),Match 119 - Completed ,Patna,Bengaluru,40  - 40,Match Tied,2018
119,"Wednesday, 19 December",21:00 (IST),Match 120 - Completed ,Jaipur,Gujarat,31  - 33,Gujarat Fortunegiants beat Jaipur Pink Panthers (33-31),2018
120,"Thursday, 20 December",20:00 (IST),Match 121 - Completed ,Jaipur,Dabang,37  - 37,Match Tied,2018
121,"Friday, 21 December",20:00 (IST),Match 122 - Completed ,Bengal,Tamil,27  - 24,Bengal Warriors beat Tamil Thalaivas (27-24),2018
122,"Friday, 21 December",21:00 (IST),Match 123 - Completed ,Puneri,Telugu,35  - 20,Puneri Paltan beat Telugu Titans (35-20),2018
123,"Saturday, 22 December",20:00 (IST),Match 124 - Completed ,U,U.P.,32  - 34,U.P. Yoddha beat U Mumba (34-32),2018
124,"Saturday, 22 December",21:00 (IST),Match 125 - Completed ,Bengal,Patna,39  - 23,Bengal Warriors beat Patna Pirates (39-23),2018
125,"Sunday, 23 December",20:00 (IST),Match 126 - Completed ,Bengal,Dabang,31  - 37,Dabang Delhi K.C. beat Bengal Warriors (37-31),2018
126,"Tuesday, 25 December",20:00 (IST),Match 127 - Completed ,Haryana,Tamil,40  - 40,Match Tied,2018
127,"Tuesday, 25 December",21:00 (IST),Match 128 - Completed ,Bengal,Telugu,39  - 34,Bengal Warriors beat Telugu Titans (39-34),2018
128,"Wednesday, 26 December",20:00 (IST),Match 129 - Completed ,Gujarat,Patna,37  - 29,Gujarat Fortunegiants beat Patna Pirates (37-29),2018
129,"Wednesday, 26 December",21:00 (IST),Match 130 - Completed ,Bengal,Bengaluru,37  - 31,Bengal Warriors beat Bengaluru Bulls (37-31),2018
130,"Thursday, 27 December",20:00 (IST),Match 131 - Completed ,Jaipur,Bengaluru,32  - 40,Bengaluru Bulls beat Jaipur Pink Panthers (40-32),2018
131,"Thursday, 27 December",21:00 (IST),Match 132 - Completed ,Bengal,U.P.,25  - 41,U.P. Yoddha beat Bengal Warriors (41-25),2018
132,"Sunday, 30 December",20:00 (IST),Eliminator 1 - Completed ,U,U.P.,29  - 34,U.P. Yoddha beat U Mumba (34-29),2018
133,"Sunday, 30 December",21:00 (IST),Eliminator 2 - Completed ,Dabang,Bengal,39  - 28,Dabang Delhi K.C. beat Bengal Warriors (39-28),2018
134,"Monday, 31 December",20:00 (IST),Qualifier 1 - Completed ,Gujarat,Bengaluru,29  - 41,Bengaluru Bulls beat Gujarat Fortunegiants (41-29),2018
135,"Monday, 31 December",21:00 (IST),Eliminator 3 - Completed ,U.P.,Dabang,45  - 33,U.P. Yoddha beat Dabang Delhi K.C. (45-33),2018
136,"Thursday, 03 January",20:00 (IST),Qualifier 2 - Completed ,Gujarat,U.P.,38  - 31,Gujarat Fortunegiants beat U.P. Yoddha (38-31),2018
137,"Saturday, 05 January",20:00 (IST),Final - Completed ,Bengaluru,Gujarat,38  - 33,Bengaluru Bulls beat Gujarat Fortunegiants (38-33),2018
0,"Friday, 28 July",21:00 (IST),Match 2 - Completed ,U,Puneri,21  - 33,Puneri Paltan beat U Mumba (33-21),2017
1,"Saturday, 29 July",20:00 (IST),Match 3 - Completed ,Jaipur,Dabang,26  - 30,Dabang Delhi K.C. beat Jaipur Pink Panthers (30-26),2017
2,"Saturday, 29 July",21:00 (IST),Match 4 - Completed ,Telugu,Patna,29  - 35,Patna Pirates beat Telugu Titans (35-29),2017
3,"Sunday, 30 July",20:00 (IST),Match 5 - Completed ,U,Haryana,29  - 28,U Mumba beat Haryana Steelers (29-28),2017
4,"Sunday, 30 July",21:00 (IST),Match 6 - Completed ,Telugu,Bengaluru,21  - 31,Bengaluru Bulls beat Telugu Titans (31-21),2017
5,"Tuesday, 01 August",20:00 (IST),Match 7 - Completed ,Gujarat,Dabang,26  - 20,Gujarat Fortunegiants beat Dabang Delhi K.C. (26-20),2017
6,"Tuesday, 01 August",21:00 (IST),Match 8 - Completed ,Telugu,U.P.,18  - 31,U.P. Yoddha beat Telugu Titans (31-18),2017
7,"Wednesday, 02 August",20:00 (IST),Match 9 - Completed ,Gujarat,Haryana,27  - 27,Match Tied,2017
8,"Wednesday, 02 August",21:00 (IST),Match 10 - Completed ,Telugu,Bengal,24  - 30,Bengal Warriors beat Telugu Titans (30-24),2017
9,"Thursday, 03 August",20:00 (IST),Match 11 - Completed ,Telugu,Patna,36  - 43,Patna Pirates beat Telugu Titans (43-36),2017
10,"Friday, 04 August",20:00 (IST),Match 12 - Completed ,Bengaluru,Tamil,32  - 31,Bengaluru Bulls beat Tamil Thalaivas (32-31),2017
11,"Friday, 04 August",21:00 (IST),Match 13 - Completed ,Puneri,Dabang,26  - 21,Puneri Paltan beat Dabang Delhi K.C. (26-21),2017
12,"Saturday, 05 August",20:00 (IST),Match 14 - Completed ,U,Dabang,36  - 22,U Mumba beat Dabang Delhi K.C. (36-22),2017
13,"Saturday, 05 August",21:00 (IST),Match 15 - Completed ,Bengaluru,U.P.,27  - 32,U.P. Yoddha beat Bengaluru Bulls (32-27),2017
14,"Sunday, 06 August",20:00 (IST),Match 16 - Completed ,Bengal,U.P.,40  - 20,Bengal Warriors beat U.P. Yoddha (40-20),2017
15,"Sunday, 06 August",21:00 (IST),Match 17 - Completed ,Bengaluru,Patna,32  - 46,Patna Pirates beat Bengaluru Bulls (46-32),2017
16,"Tuesday, 08 August",20:00 (IST),Match 18 - Completed ,Gujarat,Haryana,20  - 32,Haryana Steelers beat Gujarat Fortunegiants (32-20),2017
17,"Tuesday, 08 August",21:00 (IST),Match 19 - Completed ,Bengaluru,Telugu,21  - 21,Match Tied,2017
18,"Wednesday, 09 August",20:00 (IST),Match 20 - Completed ,Bengaluru,Bengal,31  - 25,Bengaluru Bulls beat Bengal Warriors (31-25),2017
19,"Thursday, 10 August",20:00 (IST),Match 21 - Completed ,Puneri,Jaipur,28  - 30,Jaipur Pink Panthers beat Puneri Paltan (30-28),2017
20,"Thursday, 10 August",21:00 (IST),Match 22 - Completed ,Bengaluru,Tamil,24  - 29,Tamil Thalaivas beat Bengaluru Bulls (29-24),2017
21,"Friday, 11 August",20:00 (IST),Match 23 - Completed ,Gujarat,U,39  - 21,Gujarat Fortunegiants beat U Mumba (39-21),2017
22,"Saturday, 12 August",20:00 (IST),Match 24 - Completed ,Telugu,U.P.,32  - 39,U.P. Yoddha beat Telugu Titans (39-32),2017
23,"Saturday, 12 August",21:00 (IST),Match 25 - Completed ,Gujarat,Dabang,29  - 25,Gujarat Fortunegiants beat Dabang Delhi K.C. (29-25),2017
24,"Sunday, 13 August",20:00 (IST),Match 26 - Completed ,Patna,U.P.,27  - 27,Match Tied,2017
25,"Sunday, 13 August",21:00 (IST),Match 27 - Completed ,Gujarat,Jaipur,27  - 20,Gujarat Fortunegiants beat Jaipur Pink Panthers (27-20),2017
26,"Tuesday, 15 August",20:00 (IST),Match 28 - Completed ,Bengal,Puneri,17  - 34,Puneri Paltan beat Bengal Warriors (34-17),2017
27,"Tuesday, 15 August",21:00 (IST),Match 29 - Completed ,Gujarat,Bengaluru,27  - 24,Gujarat Fortunegiants beat Bengaluru Bulls (27-24),2017
28,"Wednesday, 16 August",20:00 (IST),Match 30 - Completed ,Haryana,Tamil,25  - 25,Match Tied,2017
29,"Wednesday, 16 August",21:00 (IST),Match 31 - Completed ,Gujarat,Telugu,29  - 19,Gujarat Fortunegiants beat Telugu Titans (29-19),2017
30,"Thursday, 17 August",20:00 (IST),Match 32 - Completed ,Dabang,Tamil,30  - 29,Dabang Delhi K.C. beat Tamil Thalaivas (30-29),2017
31,"Thursday, 17 August",21:00 (IST),Match 33 - Completed ,Gujarat,Bengal,26  - 26,Match Tied,2017
32,"Friday, 18 August",20:00 (IST),Match 34 - Completed ,U.P.,U,34  - 37,U Mumba beat U.P. Yoddha (37-34),2017
33,"Friday, 18 August",21:00 (IST),Match 35 - Completed ,Bengaluru,Jaipur,28  - 30,Jaipur Pink Panthers beat Bengaluru Bulls (30-28),2017
34,"Saturday, 19 August",20:00 (IST),Match 36 - Completed ,Telugu,U,37  - 32,Telugu Titans beat U Mumba (37-32),2017
35,"Saturday, 19 August",21:00 (IST),Match 37 - Completed ,U.P.,Haryana,29  - 36,Haryana Steelers beat U.P. Yoddha (36-29),2017
36,"Sunday, 20 August",20:00 (IST),Match 38 - Completed ,Patna,Puneri,42  - 47,Puneri Paltan beat Patna Pirates (47-42),2017
37,"Sunday, 20 August",21:00 (IST),Match 39 - Completed ,U.P.,Jaipur,22  - 24,Jaipur Pink Panthers beat U.P. Yoddha (24-22),2017
38,"Tuesday, 22 August",20:00 (IST),Match 40 - Completed ,Gujarat,Puneri,35  - 21,Gujarat Fortunegiants beat Puneri Paltan (35-21),2017
39,"Tuesday, 22 August",21:00 (IST),Match 41 - Completed ,U.P.,Bengal,31  - 32,Bengal Warriors beat U.P. Yoddha (32-31),2017
40,"Wednesday, 23 August",20:00 (IST),Match 42 - Completed ,Haryana,Dabang,27  - 25,Haryana Steelers beat Dabang Delhi K.C. (27-25),2017
41,"Wednesday, 23 August",21:00 (IST),Match 43 - Completed ,U.P.,Tamil,33  - 33,Match Tied,2017
42,"Thursday, 24 August",20:00 (IST),Match 44 - Completed ,U.P.,Telugu,25  - 23,U.P. Yoddha beat Telugu Titans (25-23),2017
43,"Friday, 25 August",20:00 (IST),Match 45 - Completed ,U,Jaipur,36  - 39,Jaipur Pink Panthers beat U Mumba (39-36),2017
44,"Friday, 25 August",21:00 (IST),Match 46 - Completed ,Bengal,Patna,36  - 36,Match Tied,2017
45,"Saturday, 26 August",20:00 (IST),Match 47 - Completed ,Patna,Tamil,35  - 24,Patna Pirates beat Tamil Thalaivas (35-24),2017
46,"Saturday, 26 August",21:00 (IST),Match 48 - Completed ,U,Puneri,24  - 26,Puneri Paltan beat U Mumba (26-24),2017
47,"Sunday, 27 August",20:00 (IST),Match 49 - Completed ,Bengal,Bengaluru,32  - 26,Bengal Warriors beat Bengaluru Bulls (32-26),2017
48,"Sunday, 27 August",21:00 (IST),Match 50 - Completed ,U,Dabang,32  - 33,Dabang Delhi K.C. beat U Mumba (33-32),2017
49,"Wednesday, 30 August",20:00 (IST),Match 53 - Completed ,U,Haryana,38  - 32,U Mumba beat Haryana Steelers (38-32),2017
50,"Thursday, 31 August",20:00 (IST),Match 54 - Completed ,Telugu,Tamil,33  - 28,Telugu Titans beat Tamil Thalaivas (33-28),2017
51,"Thursday, 31 August",21:00 (IST),Match 55 - Completed ,U,Jaipur,36  - 32,U Mumba beat Jaipur Pink Panthers (36-32),2017
52,"Friday, 01 September",20:00 (IST),Match 56 - Completed ,Bengal,Patna,41  - 38,Bengal Warriors beat Patna Pirates (41-38),2017
53,"Saturday, 02 September",20:00 (IST),Match 57 - Completed ,Gujarat,Haryana,36  - 42,Haryana Steelers beat Gujarat Fortunegiants (42-36),2017
54,"Saturday, 02 September",21:00 (IST),Match 58 - Completed ,Bengal,U.P.,26  - 26,Match Tied,2017
55,"Sunday, 03 September",20:00 (IST),Match 59 - Completed ,Gujarat,Jaipur,25  - 31,Jaipur Pink Panthers beat Gujarat Fortunegiants (31-25),2017
56,"Sunday, 03 September",21:00 (IST),Match 60 - Completed ,Bengal,Tamil,29  - 25,Bengal Warriors beat Tamil Thalaivas (29-25),2017
57,"Tuesday, 05 September",20:00 (IST),Match 61 - Completed ,Patna,Jaipur,47  - 21,Patna Pirates beat Jaipur Pink Panthers (47-21),2017
58,"Tuesday, 05 September",21:00 (IST),Match 62 - Completed ,Bengal,Haryana,29  - 36,Haryana Steelers beat Bengal Warriors (36-29),2017
59,"Wednesday, 06 September",20:00 (IST),Match 63 - Completed ,Dabang,Bengaluru,38  - 30,Dabang Delhi K.C. beat Bengaluru Bulls (38-30),2017
60,"Wednesday, 06 September",21:00 (IST),Match 64 - Completed ,Bengal,U,31  - 37,U Mumba beat Bengal Warriors (37-31),2017
61,"Thursday, 07 September",20:00 (IST),Match 65 - Completed ,Telugu,Puneri,37  - 42,Puneri Paltan beat Telugu Titans (42-37),2017
62,"Thursday, 07 September",21:00 (IST),Match 66 - Completed ,Bengal,Dabang,31  - 31,Match Tied,2017
63,"Friday, 08 September",20:00 (IST),Match 67 - Completed ,Haryana,Patna,41  - 41,Match Tied,2017
64,"Friday, 08 September",21:00 (IST),Match 68 - Completed ,Gujarat,U.P.,30  - 30,Match Tied,2017
65,"Saturday, 09 September",20:00 (IST),Match 69 - Completed ,Patna,U,41  - 51,U Mumba beat Patna Pirates (51-41),2017
66,"Saturday, 09 September",21:00 (IST),Match 70 - Completed ,Haryana,Bengaluru,38  - 31,Haryana Steelers beat Bengaluru Bulls (38-31),2017
67,"Sunday, 10 September",20:00 (IST),Match 71 - Completed ,Bengaluru,Puneri,24  - 20,Bengaluru Bulls beat Puneri Paltan (24-20),2017
68,"Sunday, 10 September",21:00 (IST),Match 72 - Completed ,Haryana,Telugu,19  - 37,Telugu Titans beat Haryana Steelers (37-19),2017
69,"Tuesday, 12 September",20:00 (IST),Match 73 - Completed ,Bengal,Telugu,32  - 31,Bengal Warriors beat Telugu Titans (32-31),2017
70,"Tuesday, 12 September",21:00 (IST),Match 74 - Completed ,Haryana,Dabang,27  - 24,Haryana Steelers beat Dabang Delhi K.C. (27-24),2017
71,"Wednesday, 13 September",20:00 (IST),Match 75 - Completed ,Tamil,U.P.,34  - 33,Tamil Thalaivas beat U.P. Yoddha (34-33),2017
72,"Wednesday, 13 September",21:00 (IST),Match 76 - Completed ,Haryana,Puneri,22  - 38,Puneri Paltan beat Haryana Steelers (38-22),2017
73,"Thursday, 14 September",20:00 (IST),Match 77 - Completed ,Haryana,Jaipur,27  - 27,Match Tied,2017
74,"Friday, 15 September",20:00 (IST),Match 78 - Completed ,Patna,Telugu,46  - 30,Patna Pirates beat Telugu Titans (46-30),2017
75,"Friday, 15 September",21:00 (IST),Match 79 - Completed ,U,Gujarat,28  - 39,Gujarat Fortunegiants beat U Mumba (39-28),2017
76,"Saturday, 16 September",20:00 (IST),Match 80 - Completed ,Bengaluru,Telugu,26  - 26,Match Tied,2017
77,"Saturday, 16 September",21:00 (IST),Match 81 - Completed ,Patna,U.P.,45  - 42,Patna Pirates beat U.P. Yoddha (45-42),2017
78,"Sunday, 17 September",20:00 (IST),Match 82 - Completed ,Jaipur,Dabang,36  - 25,Jaipur Pink Panthers beat Dabang Delhi K.C. (36-25),2017
79,"Sunday, 17 September",21:00 (IST),Match 83 - Completed ,Patna,Bengal,37  - 37,Match Tied,2017
80,"Tuesday, 19 September",20:00 (IST),match 84 - Completed ,Puneri,Haryana,37  - 25,Puneri Paltan beat Haryana Steelers (37-25),2017
81,"Tuesday, 19 September",21:00 (IST),Match 85 - Completed ,Patna,Bengaluru,36  - 32,Patna Pirates beat Bengaluru Bulls (36-32),2017
82,"Wednesday, 20 September",20:00 (IST),Match 52 - Completed ,U,Gujarat,23  - 45,Gujarat Fortunegiants beat U Mumba (45-23),2017
83,"Wednesday, 20 September",21:00 (IST),Match 86 - Completed ,Patna,Tamil,41  - 39,Patna Pirates beat Tamil Thalaivas (41-39),2017
84,"Thursday, 21 September",20:00 (IST),Match 87 - Completed ,Jaipur,Haryana,26  - 30,Haryana Steelers beat Jaipur Pink Panthers (30-26),2017
85,"Thursday, 21 September",21:00 (IST),Match 88 - Completed ,Patna,U.P.,41  - 46,U.P. Yoddha beat Patna Pirates (46-41),2017
86,"Friday, 22 September",20:00 (IST),Match 89 - Completed ,Dabang,U,28  - 30,U Mumba beat Dabang Delhi K.C. (30-28),2017
87,"Saturday, 23 September",20:00 (IST),Match 90 - Completed ,Bengaluru,Bengal,29  - 33,Bengal Warriors beat Bengaluru Bulls (33-29),2017
88,"Saturday, 23 September",21:00 (IST),Match 91 - Completed ,Dabang,Puneri,29  - 34,Puneri Paltan beat Dabang Delhi K.C. (34-29),2017
89,"Sunday, 24 September",20:00 (IST),Match 92 - Completed ,Bengal,Tamil,32  - 33,Tamil Thalaivas beat Bengal Warriors (33-32),2017
90,"Sunday, 24 September",21:00 (IST),Match 93 - Completed ,Dabang,Haryana,24  - 42,Haryana Steelers beat Dabang Delhi K.C. (42-24),2017
91,"Tuesday, 26 September",20:00 (IST),Match 94 - Completed ,Gujarat,Tamil,34  - 35,Tamil Thalaivas beat Gujarat Fortunegiants (35-34),2017
92,"Tuesday, 26 September",21:00 (IST),Match 95 - Completed ,Dabang,Patna,34  - 36,Patna Pirates beat Dabang Delhi K.C. (36-34),2017
93,"Wednesday, 27 September",20:00 (IST),Match 96 - Completed ,Telugu,Jaipur,41  - 34,Telugu Titans beat Jaipur Pink Panthers (41-34),2017
94,"Wednesday, 27 September",21:00 (IST),Match 97 - Completed ,Dabang,U.P.,16  - 45,U.P. Yoddha beat Dabang Delhi K.C. (45-16),2017
95,"Thursday, 28 September",20:00 (IST),Match 98 - Completed ,Bengaluru,U,30  - 42,U Mumba beat Bengaluru Bulls (42-30),2017
96,"Thursday, 28 September",21:00 (IST),Match 99 - Completed ,Dabang,Telugu,22  - 44,Telugu Titans beat Dabang Delhi K.C. (44-22),2017
97,"Friday, 29 September",20:00 (IST),Match 100 - Completed ,Tamil,Puneri,20  - 33,Puneri Paltan beat Tamil Thalaivas (33-20),2017
98,"Friday, 29 September",21:00 (IST),Match 101 - Completed ,Gujarat,Patna,30  - 29,Gujarat Fortunegiants beat Patna Pirates (30-29),2017
99,"Saturday, 30 September",20:00 (IST),Match 102 - Completed ,Puneri,U.P.,34  - 33,Puneri Paltan beat U.P. Yoddha (34-33),2017
100,"Saturday, 30 September",21:00 (IST),Match 103 - Completed ,Tamil,Jaipur,26  - 27,Jaipur Pink Panthers beat Tamil Thalaivas (27-26),2017
101,"Sunday, 01 October",20:00 (IST),Match 104 - Completed ,Jaipur,Bengal,31  - 32,Bengal Warriors beat Jaipur Pink Panthers (32-31),2017
102,"Sunday, 01 October",21:00 (IST),Match 105 - Completed ,Tamil,U,30  - 33,U Mumba beat Tamil Thalaivas (33-30),2017
103,"Tuesday, 03 October",20:00 (IST),Match 106 - Completed ,Dabang,Gujarat,22  - 42,Gujarat Fortunegiants beat Dabang Delhi K.C. (42-22),2017
104,"Tuesday, 03 October",21:00 (IST),Match 107 - Completed ,Tamil,Telugu,37  - 58,Telugu Titans beat Tamil Thalaivas (58-37),2017
105,"Wednesday, 04 October",20:00 (IST),Match 108 - Completed ,U,Haryana,30  - 41,Haryana Steelers beat U Mumba (41-30),2017
106,"Wednesday, 04 October",21:00 (IST),Match 109 - Completed ,Tamil,U.P.,33  - 37,U.P. Yoddha beat Tamil Thalaivas (37-33),2017
107,"Thursday, 05 October",20:00 (IST),Match 110 - Completed ,Tamil,Bengaluru,35  - 45,Bengaluru Bulls beat Tamil Thalaivas (45-35),2017
108,"Friday, 06 October",20:00 (IST),Match 111 - Completed ,Jaipur,Gujarat,23  - 29,Gujarat Fortunegiants beat Jaipur Pink Panthers (29-23),2017
109,"Friday, 06 October",21:00 (IST),Match 112 - Completed ,Puneri,Bengal,19  - 25,Bengal Warriors beat Puneri Paltan (25-19),2017
110,"Saturday, 07 October",20:00 (IST),Match 113 - Completed ,Haryana,Telugu,32  - 30,Haryana Steelers beat Telugu Titans (32-30),2017
111,"Saturday, 07 October",21:00 (IST),Match 114 - Completed ,Jaipur,U,36  - 32,Jaipur Pink Panthers beat U Mumba (36-32),2017
112,"Sunday, 08 October",20:00 (IST),Match 115 - Completed ,Gujarat,Patna,33  - 29,Gujarat Fortunegiants beat Patna Pirates (33-29),2017
113,"Sunday, 08 October",21:00 (IST),Match 116 - Completed ,Jaipur,Puneri,30  - 38,Puneri Paltan beat Jaipur Pink Panthers (38-30),2017
114,"Tuesday, 10 October",20:00 (IST),Match 117 - Completed ,U,Tamil,35  - 38,Tamil Thalaivas beat U Mumba (38-35),2017
115,"Tuesday, 10 October",21:00 (IST),Match 118 - Completed ,Jaipur,Dabang,34  - 35,Dabang Delhi K.C. beat Jaipur Pink Panthers (35-34),2017
116,"Wednesday, 11 October",20:00 (IST),Match 119 - Completed ,Dabang,Bengaluru,32  - 35,Bengaluru Bulls beat Dabang Delhi K.C. (35-32),2017
117,"Wednesday, 11 October",21:00 (IST),Match 120 - Completed ,Jaipur,Haryana,27  - 37,Haryana Steelers beat Jaipur Pink Panthers (37-27),2017
118,"Thursday, 12 October",20:00 (IST),Match 121 - Completed ,Jaipur,U.P.,32  - 53,U.P. Yoddha beat Jaipur Pink Panthers (53-32),2017
119,"Friday, 13 October",20:00 (IST),Match 122 - Completed ,Puneri,Gujarat,20  - 44,Gujarat Fortunegiants beat Puneri Paltan (44-20),2017
120,"Friday, 13 October",21:00 (IST),Match 123 - Completed ,Bengal,Tamil,34  - 30,Bengal Warriors beat Tamil Thalaivas (34-30),2017
121,"Saturday, 14 October",20:00 (IST),Match 124 - Completed ,Tamil,Patna,40  - 37,Tamil Thalaivas beat Patna Pirates (40-37),2017
122,"Saturday, 14 October",21:00 (IST),Match 125 - Completed ,Puneri,U,43  - 24,Puneri Paltan beat U Mumba (43-24),2017
123,"Sunday, 15 October",20:00 (IST),Match 126 - Completed ,Bengaluru,U.P.,38  - 32,Bengaluru Bulls beat U.P. Yoddha (38-32),2017
124,"Sunday, 15 October",21:00 (IST),Match 127 - Completed ,Puneri,Dabang,34  - 31,Puneri Paltan beat Dabang Delhi K.C. (34-31),2017
125,"Tuesday, 17 October",20:00 (IST),Match 51 - Completed ,Bengaluru,U.P.,64  - 24,Bengaluru Bulls beat U.P. Yoddha (64-24),2017
126,"Tuesday, 17 October",21:00 (IST),Match 128 - Completed ,Puneri,Haryana,27  - 31,Haryana Steelers beat Puneri Paltan (31-27),2017
127,"Wednesday, 18 October",20:00 (IST),Match 129 - Completed ,Patna,Bengaluru,29  - 29,Match Tied,2017
128,"Wednesday, 18 October",21:00 (IST),Match 130 - Completed ,Puneri,Jaipur,38  - 15,Puneri Paltan beat Jaipur Pink Panthers (38-15),2017
129,"Friday, 20 October",20:00 (IST),Match 131 - Completed ,Telugu,Bengal,37  - 37,Match Tied,2017
130,"Friday, 20 October",21:00 (IST),Match 132 - Completed ,Puneri,Gujarat,22  - 23,Gujarat Fortunegiants beat Puneri Paltan (23-22),2017
131,"Monday, 23 October",20:00 (IST),Eliminator 1 - Completed ,Puneri,U.P.,40  - 38,Puneri Paltan beat U.P. Yoddha (40-38),2017
132,"Monday, 23 October",21:00 (IST),Eliminator 2 - Completed ,Patna,Haryana,69  - 30,Patna Pirates beat Haryana Steelers (69-30),2017
133,"Tuesday, 24 October",20:00 (IST),Qualifier 1 - Completed ,Gujarat,Bengal,42  - 17,Gujarat Fortunegiants beat Bengal Warriors (42-17),2017
134,"Tuesday, 24 October",21:00 (IST),Eliminator 3 - Completed ,Puneri,Patna,32  - 42,Patna Pirates beat Puneri Paltan (42-32),2017
135,"Thursday, 26 October",20:00 (IST),Qualifier 2 - Completed ,Bengal,Patna,44  - 47,Patna Pirates beat Bengal Warriors (47-44),2017
136,"Saturday, 28 October",20:00 (IST),Final - Completed ,Gujarat,Patna,38  - 55,Patna Pirates beat Gujarat Fortunegiants (55-38),2017
0,"Saturday, 25 June",20:00 (IST),Match 1 - Completed ,Puneri,Telugu,28  - 24,Puneri Paltan beat Telugu Titans (28-24),2016
1,"Saturday, 25 June",21:00 (IST),Match 2 - Completed ,U,Jaipur,36  - 34,U Mumba beat Jaipur Pink Panthers (36-34),2016
2,"Sunday, 26 June",20:00 (IST),Match 3 - Completed ,Bengaluru,Bengal,24  - 23,Bengaluru Bulls beat Bengal Warriors (24-23),2016
3,"Sunday, 26 June",21:00 (IST),Match 4 - Completed ,Puneri,U,41  - 19,Puneri Paltan beat U Mumba (41-19),2016
4,"Monday, 27 June",20:00 (IST),Match 5 - Completed ,Bengal,Dabang,31  - 23,Bengal Warriors beat Dabang Delhi K.C. (31-23),2016
5,"Monday, 27 June",21:00 (IST),Match 6 - Completed ,Puneri,Patna,24  - 30,Patna Pirates beat Puneri Paltan (30-24),2016
6,"Tuesday, 28 June",20:00 (IST),Match 7 - Completed ,Puneri,Dabang,27  - 27,Match Tied,2016
7,"Wednesday, 29 June",20:00 (IST),Match 8 - Completed ,Jaipur,Telugu,28  - 24,Jaipur Pink Panthers beat Telugu Titans (28-24),2016
8,"Wednesday, 29 June",21:00 (IST),Match 9 - Completed ,U,Patna,34  - 36,Patna Pirates beat U Mumba (36-34),2016
9,"Thursday, 30 June",20:00 (IST),Match 10 - Completed ,Jaipur,Bengaluru,28  - 28,Match Tied,2016
10,"Friday, 01 July",20:00 (IST),Match 11 - Completed ,U,Dabang,27  - 25,U Mumba beat Dabang Delhi K.C. (27-25),2016
11,"Friday, 01 July",21:00 (IST),Match 12 - Completed ,Jaipur,Bengal,36  - 33,Jaipur Pink Panthers beat Bengal Warriors (36-33),2016
12,"Saturday, 02 July",20:00 (IST),Match 13 - Completed ,Dabang,Bengaluru,32  - 24,Dabang Delhi K.C. beat Bengaluru Bulls (32-24),2016
13,"Saturday, 02 July",21:00 (IST),Match 14 - Completed ,Jaipur,Puneri,28  - 33,Puneri Paltan beat Jaipur Pink Panthers (33-28),2016
14,"Sunday, 03 July",20:00 (IST),Match 15 - Completed ,Telugu,Patna,33  - 35,Patna Pirates beat Telugu Titans (35-33),2016
15,"Sunday, 03 July",21:00 (IST),Match 16 - Completed ,Bengal,U,18  - 26,U Mumba beat Bengal Warriors (26-18),2016
16,"Monday, 04 July",20:00 (IST),Match 17 - Completed ,Bengaluru,Puneri,29  - 27,Bengaluru Bulls beat Puneri Paltan (29-27),2016
17,"Monday, 04 July",21:00 (IST),Match 18 - Completed ,Telugu,Bengal,35  - 18,Telugu Titans beat Bengal Warriors (35-18),2016
18,"Tuesday, 05 July",20:00 (IST),Match 19 - Completed ,Telugu,Bengaluru,28  - 30,Bengaluru Bulls beat Telugu Titans (30-28),2016
19,"Wednesday, 06 July",20:00 (IST),Match 20 - Completed ,Dabang,Jaipur,26  - 51,Jaipur Pink Panthers beat Dabang Delhi K.C. (51-26),2016
20,"Wednesday, 06 July",21:00 (IST),Match 21 - Completed ,Telugu,U,35  - 30,Telugu Titans beat U Mumba (35-30),2016
21,"Thursday, 07 July",20:00 (IST),Match 22 - Completed ,Patna,Bengaluru,31  - 25,Patna Pirates beat Bengaluru Bulls (31-25),2016
22,"Friday, 08 July",20:00 (IST),Match 23 - Completed ,Bengaluru,U,23  - 24,U Mumba beat Bengaluru Bulls (24-23),2016
23,"Friday, 08 July",21:00 (IST),Match 24 - Completed ,Patna,Bengal,35  - 21,Patna Pirates beat Bengal Warriors (35-21),2016
24,"Saturday, 09 July",20:00 (IST),Match 25 - Completed ,Bengal,Puneri,31  - 38,Puneri Paltan beat Bengal Warriors (38-31),2016
25,"Saturday, 09 July",21:00 (IST),Match 26 - Completed ,Patna,Dabang,15  - 33,Dabang Delhi K.C. beat Patna Pirates (33-15),2016
26,"Sunday, 10 July",20:00 (IST),Match 27 - Completed ,Dabang,Telugu,23  - 28,Telugu Titans beat Dabang Delhi K.C. (28-23),2016
27,"Sunday, 10 July",21:00 (IST),Match 28 - Completed ,Patna,Jaipur,21  - 26,Jaipur Pink Panthers beat Patna Pirates (26-21),2016
28,"Tuesday, 12 July",20:00 (IST),Match 29 - Completed ,Bengaluru,Telugu,24  - 32,Telugu Titans beat Bengaluru Bulls (32-24),2016
29,"Tuesday, 12 July",21:00 (IST),Match 30 - Completed ,Puneri,Bengal,34  - 34,Match Tied,2016
30,"Wednesday, 13 July",20:00 (IST),Match 31 - Completed ,Bengaluru,Jaipur,22  - 24,Jaipur Pink Panthers beat Bengaluru Bulls (24-22),2016
31,"Thursday, 14 July",20:00 (IST),Match 32 - Completed ,Jaipur,U,23  - 29,U Mumba beat Jaipur Pink Panthers (29-23),2016
32,"Thursday, 14 July",21:00 (IST),Match 33 - Completed ,Bengaluru,Patna,23  - 38,Patna Pirates beat Bengaluru Bulls (38-23),2016
33,"Friday, 15 July",20:00 (IST),Match 34 - Completed ,Telugu,Puneri,32  - 29,Telugu Titans beat Puneri Paltan (32-29),2016
34,"Friday, 15 July",21:00 (IST),Match 35 - Completed ,Bengaluru,Dabang,20  - 40,Dabang Delhi K.C. beat Bengaluru Bulls (40-20),2016
35,"Saturday, 16 July",20:00 (IST),Match 36 - Completed ,Bengal,Jaipur,32  - 25,Bengal Warriors beat Jaipur Pink Panthers (32-25),2016
36,"Saturday, 16 July",21:00 (IST),Match 37 - Completed ,Patna,U,34  - 24,Patna Pirates beat U Mumba (34-24),2016
37,"Sunday, 17 July",20:00 (IST),Match 38 - Completed ,Puneri,Jaipur,27  - 33,Jaipur Pink Panthers beat Puneri Paltan (33-27),2016
38,"Sunday, 17 July",21:00 (IST),Match 39 - Completed ,Bengal,Patna,27  - 33,Patna Pirates beat Bengal Warriors (33-27),2016
39,"Monday, 18 July",20:00 (IST),Match 40 - Completed ,Bengal,Telugu,34  - 34,Match Tied,2016
40,"Tuesday, 19 July",20:00 (IST),Match 41 - Completed ,Telugu,Dabang,36  - 28,Telugu Titans beat Dabang Delhi K.C. (36-28),2016
41,"Tuesday, 19 July",21:00 (IST),Match 42 - Completed ,Bengal,Bengaluru,25  - 27,Bengaluru Bulls beat Bengal Warriors (27-25),2016
42,"Wednesday, 20 July",20:00 (IST),Match 43 - Completed ,U,Puneri,34  - 31,U Mumba beat Puneri Paltan (34-31),2016
43,"Thursday, 21 July",20:00 (IST),Match 44 - Completed ,Jaipur,Dabang,24  - 22,Jaipur Pink Panthers beat Dabang Delhi K.C. (24-22),2016
44,"Thursday, 21 July",21:00 (IST),Match 45 - Completed ,U,Telugu,25  - 25,Match Tied,2016
45,"Friday, 22 July",20:00 (IST),Match 46 - Completed ,Jaipur,Patna,29  - 22,Jaipur Pink Panthers beat Patna Pirates (29-22),2016
46,"Friday, 22 July",21:00 (IST),Match 47 - Completed ,U,Bengal,27  - 31,Bengal Warriors beat U Mumba (31-27),2016
47,"Saturday, 23 July",20:00 (IST),Match 48 - Completed ,Patna,Puneri,31  - 28,Patna Pirates beat Puneri Paltan (31-28),2016
48,"Saturday, 23 July",21:00 (IST),Match 49 - Completed ,U,Bengaluru,27  - 28,Bengaluru Bulls beat U Mumba (28-27),2016
49,"Sunday, 24 July",20:00 (IST),Match 50 - Completed ,Dabang,Bengal,41  - 20,Dabang Delhi K.C. beat Bengal Warriors (41-20),2016
50,"Sunday, 24 July",21:00 (IST),Match 51 - Completed ,Telugu,Jaipur,35  - 23,Telugu Titans beat Jaipur Pink Panthers (35-23),2016
51,"Monday, 25 July",20:00 (IST),Match 52 - Completed ,Dabang,Patna,31  - 32,Patna Pirates beat Dabang Delhi K.C. (32-31),2016
52,"Tuesday, 26 July",20:00 (IST),Match 53 - Completed ,Patna,Telugu,25  - 46,Telugu Titans beat Patna Pirates (46-25),2016
53,"Tuesday, 26 July",21:00 (IST),Match 54 - Completed ,Dabang,Puneri,34  - 39,Puneri Paltan beat Dabang Delhi K.C. (39-34),2016
54,"Wednesday, 27 July",20:00 (IST),Match 55 - Completed ,Puneri,Bengaluru,36  - 33,Puneri Paltan beat Bengaluru Bulls (36-33),2016
55,"Wednesday, 27 July",21:00 (IST),Match 56 - Completed ,Dabang,U,34  - 38,U Mumba beat Dabang Delhi K.C. (38-34),2016
56,"Friday, 29 July",20:00 (IST),Semi-Final 1 - Completed ,Patna,Puneri,37  - 33,Patna Pirates beat Puneri Paltan (37-33),2016
57,"Friday, 29 July",21:00 (IST),Semi-Final 2 - Completed ,Telugu,Jaipur,24  - 34,Jaipur Pink Panthers beat Telugu Titans (34-24),2016
58,"Sunday, 31 July",20:00 (IST),3/4 Place - Completed ,Telugu,Puneri,35  - 40,Puneri Paltan beat Telugu Titans (40-35),2016
59,"Sunday, 31 July",21:15 (IST),Final - Completed ,Patna,Jaipur,37  - 29,Patna Pirates beat Jaipur Pink Panthers (37-29),2016
0,"Saturday, 30 January",20:00 (IST),Match 1 - Completed ,Telugu,U,25  - 27,U Mumba beat Telugu Titans (27-25),2015
1,"Saturday, 30 January",21:00 (IST),Match 2 - Completed ,Dabang,Bengaluru,29  - 35,Bengaluru Bulls beat Dabang Delhi (35-29),2015
2,"Sunday, 31 January",20:00 (IST),Match 3 - Completed ,Jaipur,U,27  - 18,Jaipur Pink Panthers beat U Mumba (27-18),2015
3,"Sunday, 31 January",21:00 (IST),Match 4 - Completed ,Telugu,Puneri,27  - 26,Telugu Titans beat Puneri Paltan (27-26),2015
4,"Monday, 01 February",20:00 (IST),Match 5 - Completed ,Patna,Jaipur,29  - 28,Patna Pirates beat Jaipur Pink Panthers (29-28),2015
5,"Monday, 01 February",21:00 (IST),Match 6 - Completed ,Telugu,Dabang,45  - 34,Telugu Titans beat Dabang Delhi (45-34),2015
6,"Tuesday, 02 February",20:00 (IST),Match 7 - Completed ,Telugu,Bengal,17  - 25,Bengal Warriors beat Telugu Titans (25-17),2015
7,"Wednesday, 03 February",20:00 (IST),Match 8 - Completed ,Bengaluru,Patna,24  - 33,Patna Pirates beat Bengaluru Bulls (33-24),2015
8,"Wednesday, 03 February",21:00 (IST),Match 9 - Completed ,Dabang,Puneri,20  - 38,Puneri Paltan beat Dabang Delhi (38-20),2015
9,"Thursday, 04 February",20:00 (IST),Match 10 - Completed ,Bengaluru,Bengal,24  - 34,Bengal Warriors beat Bengaluru Bulls (34-24),2015
10,"Friday, 05 February",20:00 (IST),Match 11 - Completed ,Dabang,U,17  - 30,U Mumba beat Dabang Delhi (30-17),2015
11,"Friday, 05 February",21:00 (IST),Match 12 - Completed ,Bengaluru,Jaipur,36  - 26,Bengaluru Bulls beat Jaipur Pink Panthers (36-26),2015
12,"Saturday, 06 February",20:00 (IST),Match 13 - Completed ,U,Patna,26  - 40,Patna Pirates beat U Mumba (40-26),2015
13,"Saturday, 06 February",21:00 (IST),Match 14 - Completed ,Bengaluru,Telugu,26  - 35,Telugu Titans beat Bengaluru Bulls (35-26),2015
14,"Sunday, 07 February",20:00 (IST),Match 15 - Completed ,Bengal,Puneri,33  - 28,Bengal Warriors beat Puneri Paltan (33-28),2015
15,"Sunday, 07 February",21:00 (IST),Match 16 - Completed ,Jaipur,Dabang,39  - 34,Jaipur Pink Panthers beat Dabang Delhi (39-34),2015
16,"Monday, 08 February",20:00 (IST),Match 17 - Completed ,Patna,Telugu,29  - 25,Patna Pirates beat Telugu Titans (29-25),2015
17,"Monday, 08 February",21:00 (IST),Match 18 - Completed ,Bengal,Dabang,34  - 17,Bengal Warriors beat Dabang Delhi (34-17),2015
18,"Tuesday, 09 February",20:00 (IST),Match 19 - Completed ,Bengal,Patna,31  - 36,Patna Pirates beat Bengal Warriors (36-31),2015
19,"Wednesday, 10 February",20:00 (IST),Match 20 - Completed ,U,Bengaluru,29  - 28,U Mumba beat Bengaluru Bulls (29-28),2015
20,"Wednesday, 10 February",21:00 (IST),Match 21 - Completed ,Bengal,Jaipur,34  - 20,Bengal Warriors beat Jaipur Pink Panthers (34-20),2015
21,"Thursday, 11 February",20:00 (IST),Match 22 - Completed ,Puneri,Patna,30  - 30,Match Tied,2015
22,"Friday, 12 February",20:00 (IST),Match 23 - Completed ,Patna,Dabang,47  - 34,Patna Pirates beat Dabang Delhi (47-34),2015
23,"Friday, 12 February",21:00 (IST),Match 24 - Completed ,Puneri,Jaipur,32  - 32,Match Tied,2015
24,"Saturday, 13 February",20:00 (IST),Match 25 - Completed ,Jaipur,Telugu,25  - 27,Telugu Titans beat Jaipur Pink Panthers (27-25),2015
25,"Saturday, 13 February",21:00 (IST),Match 26 - Completed ,Puneri,U,27  - 29,U Mumba beat Puneri Paltan (29-27),2015
26,"Sunday, 14 February",20:00 (IST),Match 27 - Completed ,U,Bengal,32  - 21,U Mumba beat Bengal Warriors (32-21),2015
27,"Sunday, 14 February",21:00 (IST),Match 28 - Completed ,Puneri,Bengaluru,29  - 27,Puneri Paltan beat Bengaluru Bulls (29-27),2015
28,"Tuesday, 16 February",20:00 (IST),Match 29 - Completed ,Patna,Bengal,32  - 27,Patna Pirates beat Bengal Warriors (32-27),2015
29,"Tuesday, 16 February",21:30 (IST),Match 30 - Completed ,Telugu,Jaipur,26  - 35,Jaipur Pink Panthers beat Telugu Titans (35-26),2015
30,"Wednesday, 17 February",20:00 (IST),Match 31 - Completed ,Patna,Bengaluru,36  - 32,Patna Pirates beat Bengaluru Bulls (36-32),2015
31,"Thursday, 18 February",20:00 (IST),Match 32 - Completed ,Bengaluru,Dabang,21  - 35,Dabang Delhi beat Bengaluru Bulls (35-21),2015
32,"Thursday, 18 February",21:00 (IST),Match 33 - Completed ,Patna,Puneri,28  - 28,Match Tied,2015
33,"Friday, 19 February",20:00 (IST),Match 34 - Completed ,Bengal,Telugu,32  - 28,Bengal Warriors beat Telugu Titans (32-28),2015
34,"Friday, 19 February",21:00 (IST),Match 35 - Completed ,Patna,U,28  - 34,U Mumba beat Patna Pirates (34-28),2015
35,"Saturday, 20 February",20:00 (IST),Match 36 - Completed ,Jaipur,Bengaluru,30  - 21,Jaipur Pink Panthers beat Bengaluru Bulls (30-21),2015
36,"Saturday, 20 February",21:00 (IST),Match 37 - Completed ,Puneri,Dabang,32  - 22,Puneri Paltan beat Dabang Delhi (32-22),2015
37,"Sunday, 21 February",20:00 (IST),Match 38 - Completed ,Telugu,Bengaluru,40  - 22,Telugu Titans beat Bengaluru Bulls (40-22),2015
38,"Sunday, 21 February",21:00 (IST),Match 39 - Completed ,Jaipur,Puneri,18  - 33,Puneri Paltan beat Jaipur Pink Panthers (33-18),2015
39,"Monday, 22 February",20:00 (IST),Match 40 - Completed ,Jaipur,Bengal,18  - 34,Bengal Warriors beat Jaipur Pink Panthers (34-18),2015
40,"Tuesday, 23 February",20:00 (IST),Match 41 - Completed ,Bengal,U,17  - 30,U Mumba beat Bengal Warriors (30-17),2015
41,"Tuesday, 23 February",21:00 (IST),Match 42 - Completed ,Jaipur,Patna,24  - 47,Patna Pirates beat Jaipur Pink Panthers (47-24),2015
42,"Wednesday, 24 February",20:00 (IST),Match 43 - Completed ,Dabang,Telugu,36  - 44,Telugu Titans beat Dabang Delhi (44-36),2015
43,"Thursday, 25 February",20:00 (IST),Match 44 - Completed ,Bengaluru,U,18  - 39,U Mumba beat Bengaluru Bulls (39-18),2015
44,"Thursday, 25 February",21:00 (IST),Match 45 - Completed ,Dabang,Patna,34  - 67,Patna Pirates beat Dabang Delhi (67-34),2015
45,"Friday, 26 February",20:00 (IST),Match 46 - Completed ,Puneri,Telugu,41  - 24,Puneri Paltan beat Telugu Titans (41-24),2015
46,"Friday, 26 February",21:00 (IST),Match 47 - Completed ,Dabang,Jaipur,21  - 21,Match Tied,2015
47,"Saturday, 27 February",20:00 (IST),Match 48 - Completed ,Bengaluru,Puneri,27  - 44,Puneri Paltan beat Bengaluru Bulls (44-27),2015
48,"Saturday, 27 February",21:00 (IST),Match 49 - Completed ,Dabang,Bengal,31  - 37,Bengal Warriors beat Dabang Delhi (37-31),2015
49,"Sunday, 28 February",20:00 (IST),Match 50 - Completed ,U,Jaipur,35  - 21,U Mumba beat Jaipur Pink Panthers (35-21),2015
50,"Sunday, 28 February",21:00 (IST),Match 51 - Completed ,Telugu,Patna,42  - 41,Telugu Titans beat Patna Pirates (42-41),2015
51,"Monday, 29 February",20:00 (IST),Match 52 - Completed ,U,Puneri,30  - 27,U Mumba beat Puneri Paltan (30-27),2015
52,"Tuesday, 01 March",20:00 (IST),Match 53 - Completed ,Bengal,Bengaluru,26  - 22,Bengal Warriors beat Bengaluru Bulls (26-22),2015
53,"Tuesday, 01 March",21:00 (IST),Match 54 - Completed ,U,Telugu,38  - 22,U Mumba beat Telugu Titans (38-22),2015
54,"Wednesday, 02 March",20:00 (IST),Match 55 - Completed ,Puneri,Bengal,43  - 19,Puneri Paltan beat Bengal Warriors (43-19),2015
55,"Wednesday, 02 March",21:00 (IST),Match 56 - Completed ,U,Dabang,36  - 20,U Mumba beat Dabang Delhi (36-20),2015
56,"Friday, 04 March",20:00 (IST),Semi-Final 1 - Completed ,Patna,Puneri,40  - 21,Patna Pirates beat Puneri Paltan (40-21),2015
57,"Friday, 04 March",21:00 (IST),Semi-Final 2 - Completed ,U,Bengal,41  - 29,U Mumba beat Bengal Warriors (41-29),2015
58,"Saturday, 05 March",20:00 (IST),3/4 Place - Completed ,Bengal,Puneri,27  - 31,Puneri Paltan beat Bengal Warriors (31-27),2015
59,"Saturday, 05 March",21:00 (IST),Final - Completed ,U,Patna,28  - 31,Patna Pirates beat U Mumba (31-28),2015
0,"Saturday, 18 July",20:00 (IST),Match 1 - Completed ,U,Jaipur,29  - 28,U Mumba beat Jaipur Pink Panthers (29-28),2014
1,"Saturday, 18 July",21:00 (IST),Match 2 - Completed ,Bengaluru,Bengal,33  - 25,Bengaluru Bulls beat Bengal Warriors (33-25),2014
2,"Sunday, 19 July",20:00 (IST),Match 3 - Completed ,Telugu,Dabang,36  - 27,Telugu Titans beat Dabang Delhi (36-27),2014
3,"Sunday, 19 July",21:00 (IST),Match 4 - Completed ,U,Bengaluru,36  - 23,U Mumba beat Bengaluru Bulls (36-23),2014
4,"Monday, 20 July",20:00 (IST),Match 5 - Completed ,Puneri,Telugu,24  - 45,Telugu Titans beat Puneri Paltan (45-24),2014
5,"Monday, 20 July",21:00 (IST),Match 6 - Completed ,U,Patna,25  - 20,U Mumba beat Patna Pirates (25-20),2014
6,"Tuesday, 21 July",20:00 (IST),Match 7 - Completed ,U,Puneri,28  - 21,U Mumba beat Puneri Paltan (28-21),2014
7,"Wednesday, 22 July",20:00 (IST),Match 8 - Completed ,Bengal,Jaipur,28  - 26,Bengal Warriors beat Jaipur Pink Panthers (28-26),2014
8,"Wednesday, 22 July",21:00 (IST),Match 9 - Completed ,Bengaluru,Patna,31  - 26,Bengaluru Bulls beat Patna Pirates (31-26),2014
9,"Thursday, 23 July",20:00 (IST),Match 10 - Completed ,Bengal,Telugu,30  - 32,Telugu Titans beat Bengal Warriors (32-30),2014
10,"Friday, 24 July",20:00 (IST),Match 11 - Completed ,Dabang,Puneri,38  - 37,Dabang Delhi beat Puneri Paltan (38-37),2014
11,"Friday, 24 July",21:00 (IST),Match 12 - Completed ,Bengal,U,25  - 29,U Mumba beat Bengal Warriors (29-25),2014
12,"Saturday, 25 July",20:00 (IST),Match 13 - Completed ,Bengaluru,Puneri,31  - 26,Bengaluru Bulls beat Puneri Paltan (31-26),2014
13,"Saturday, 25 July",21:00 (IST),Match 14 - Completed ,Bengal,Dabang,21  - 32,Dabang Delhi beat Bengal Warriors (32-21),2014
14,"Sunday, 26 July",20:00 (IST),Match 15 - Completed ,Jaipur,Patna,23  - 29,Patna Pirates beat Jaipur Pink Panthers (29-23),2014
15,"Sunday, 26 July",21:00 (IST),Match 16 - Completed ,Telugu,U,26  - 27,U Mumba beat Telugu Titans (27-26),2014
16,"Monday, 27 July",20:00 (IST),Match 17 - Completed ,Dabang,Bengaluru,18  - 33,Bengaluru Bulls beat Dabang Delhi (33-18),2014
17,"Monday, 27 July",21:00 (IST),Match 18 - Completed ,Jaipur,Telugu,22  - 33,Telugu Titans beat Jaipur Pink Panthers (33-22),2014
18,"Tuesday, 28 July",20:00 (IST),Match 19 - Completed ,Jaipur,Bengaluru,36  - 23,Jaipur Pink Panthers beat Bengaluru Bulls (36-23),2014
19,"Wednesday, 29 July",20:00 (IST),Match 20 - Completed ,Puneri,Bengal,33  - 29,Puneri Paltan beat Bengal Warriors (33-29),2014
20,"Wednesday, 29 July",21:00 (IST),Match 21 - Completed ,Jaipur,Dabang,27  - 35,Dabang Delhi beat Jaipur Pink Panthers (35-27),2014
21,"Thursday, 30 July",20:00 (IST),Match 22 - Completed ,Patna,Telugu,22  - 34,Telugu Titans beat Patna Pirates (34-22),2014
22,"Friday, 31 July",20:00 (IST),Match 23 - Completed ,Telugu,Bengaluru,21  - 35,Bengaluru Bulls beat Telugu Titans (35-21),2014
23,"Friday, 31 July",21:00 (IST),Match 24 - Completed ,Patna,Dabang,39  - 22,Patna Pirates beat Dabang Delhi (39-22),2014
24,"Saturday, 01 August",20:00 (IST),Match 25 - Completed ,Dabang,U,22  - 27,U Mumba beat Dabang Delhi (27-22),2014
25,"Saturday, 01 August",21:00 (IST),Match 26 - Completed ,Patna,Puneri,32  - 28,Patna Pirates beat Puneri Paltan (32-28),2014
26,"Sunday, 02 August",20:00 (IST),Match 27 - Completed ,Puneri,Jaipur,29  - 35,Jaipur Pink Panthers beat Puneri Paltan (35-29),2014
27,"Sunday, 02 August",21:00 (IST),Match 28 - Completed ,Patna,Bengal,20  - 20,Match Tied,2014
28,"Tuesday, 04 August",20:00 (IST),Match 29 - Completed ,Telugu,Jaipur,39  - 39,Match Tied,2014
29,"Tuesday, 04 August",21:00 (IST),Match 30 - Completed ,U,Dabang,29  - 25,U Mumba beat Dabang Delhi (29-25),2014
30,"Wednesday, 05 August",20:00 (IST),Match 31 - Completed ,Telugu,Bengal,44  - 28,Telugu Titans beat Bengal Warriors (44-28),2014
31,"Thursday, 06 August",20:00 (IST),Match 32 - Completed ,Bengal,Bengaluru,22  - 33,Bengaluru Bulls beat Bengal Warriors (33-22),2014
32,"Thursday, 06 August",21:00 (IST),Match 33 - Completed ,Telugu,Patna,54  - 32,Telugu Titans beat Patna Pirates (54-32),2014
33,"Friday, 07 August",20:00 (IST),Match 34 - Completed ,Jaipur,U,35  - 25,Jaipur Pink Panthers beat U Mumba (35-25),2014
34,"Friday, 07 August",21:00 (IST),Match 35 - Completed ,Telugu,Puneri,29  - 29,Match Tied,2014
35,"Saturday, 08 August",20:00 (IST),Match 36 - Completed ,Dabang,Bengal,17  - 20,Bengal Warriors beat Dabang Delhi (20-17),2014
36,"Saturday, 08 August",21:00 (IST),Match 37 - Completed ,Patna,Bengaluru,30  - 28,Patna Pirates beat Bengaluru Bulls (30-28),2014
37,"Sunday, 09 August",20:00 (IST),Match 38 - Completed ,U,Bengal,31  - 17,U Mumba beat Bengal Warriors (31-17),2014
38,"Sunday, 09 August",21:00 (IST),Match 39 - Completed ,Dabang,Patna,45  - 26,Dabang Delhi beat Patna Pirates (45-26),2014
39,"Monday, 10 August",20:00 (IST),Match 40 - Completed ,Dabang,Jaipur,21  - 51,Jaipur Pink Panthers beat Dabang Delhi (51-21),2014
40,"Tuesday, 11 August",20:00 (IST),Match 41 - Completed ,Jaipur,Puneri,31  - 18,Jaipur Pink Panthers beat Puneri Paltan (31-18),2014
41,"Tuesday, 11 August",21:00 (IST),Match 42 - Completed ,Dabang,Telugu,45  - 45,Match Tied,2014
42,"Wednesday, 12 August",20:00 (IST),Match 43 - Completed ,Bengaluru,U,29  - 36,U Mumba beat Bengaluru Bulls (36-29),2014
43,"Thursday, 13 August",20:00 (IST),Match 44 - Completed ,Bengal,Puneri,31  - 28,Bengal Warriors beat Puneri Paltan (31-28),2014
44,"Thursday, 13 August",21:00 (IST),Match 45 - Completed ,Bengaluru,Jaipur,25  - 27,Jaipur Pink Panthers beat Bengaluru Bulls (27-25),2014
45,"Friday, 14 August",20:00 (IST),Match 46 - Completed ,Bengal,Patna,32  - 34,Patna Pirates beat Bengal Warriors (34-32),2014
46,"Friday, 14 August",21:00 (IST),Match 47 - Completed ,Bengaluru,Dabang,40  - 21,Bengaluru Bulls beat Dabang Delhi (40-21),2014
47,"Saturday, 15 August",20:00 (IST),Match 48 - Completed ,Patna,U,27  - 32,U Mumba beat Patna Pirates (32-27),2014
48,"Saturday, 15 August",21:00 (IST),Match 49 - Completed ,Bengaluru,Telugu,43  - 29,Bengaluru Bulls beat Telugu Titans (43-29),2014
49,"Sunday, 16 August",20:00 (IST),Match 50 - Completed ,Puneri,Dabang,33  - 28,Puneri Paltan beat Dabang Delhi (33-28),2014
50,"Sunday, 16 August",21:00 (IST),Match 51 - Completed ,Jaipur,Bengal,38  - 39,Bengal Warriors beat Jaipur Pink Panthers (39-38),2014
51,"Monday, 17 August",20:00 (IST),Match 52 - Completed ,Puneri,U,34  - 39,U Mumba beat Puneri Paltan (39-34),2014
52,"Tuesday, 18 August",20:00 (IST),Match 53 - Completed ,U,Telugu,25  - 46,Telugu Titans beat U Mumba (46-25),2014
53,"Tuesday, 18 August",21:00 (IST),Match 54 - Completed ,Puneri,Patna,21  - 38,Patna Pirates beat Puneri Paltan (38-21),2014
54,"Wednesday, 19 August",20:00 (IST),Match 55 - Completed ,Patna,Jaipur,26  - 24,Patna Pirates beat Jaipur Pink Panthers (26-24),2014
55,"Wednesday, 19 August",21:00 (IST),Match 56 - Completed ,Puneri,Bengaluru,30  - 31,Bengaluru Bulls beat Puneri Paltan (31-30),2014
56,"Friday, 21 August",20:00 (IST),Semi-Final 1 - Completed ,Telugu,Bengaluru,38  - 39,Bengaluru Bulls beat Telugu Titans (39-38),2014
57,"Friday, 21 August",21:00 (IST),Semi-Final 2 - Completed ,U,Patna,35  - 18,U Mumba beat Patna Pirates (35-18),2014
58,"Sunday, 23 August",20:00 (IST),3/4 Place - Completed ,Patna,Telugu,26  - 34,Telugu Titans beat Patna Pirates (34-26),2014
59,"Sunday, 23 August",21:00 (IST),Final - Completed ,U,Bengaluru,36  - 30,U Mumba beat Bengaluru Bulls (36-30),2014
0,"Saturday, 26 July",20:00 (IST),Match 1 - Completed ,U,Jaipur,45  - 31,U Mumba beat Jaipur Pink Panthers (45 - 31),2013
1,"Saturday, 26 July",21:00 (IST),Match 2 - Completed ,Dabang,Bengaluru,28  - 47,Bengaluru Bulls beat Dabang Delhi (47 - 28),2013
2,"Sunday, 27 July",20:00 (IST),Match 3 - Completed ,Bengaluru,Puneri,40  - 37,Bengaluru Bulls beat Puneri Paltan (40 - 37),2013
3,"Sunday, 27 July",21:00 (IST),Match 4 - Completed ,U,Bengal,36  - 25,U Mumba beat Bengal Warriors (36 - 25),2013
4,"Monday, 28 July",20:00 (IST),Match 5 - Completed ,Puneri,Dabang,31  - 35,Dabang Delhi beat Puneri Paltan (35 - 31),2013
5,"Monday, 28 July",21:00 (IST),Match 6 - Completed ,U,Telugu,35  - 35,Match Drawn (35 - 35),2013
6,"Tuesday, 29 July",20:00 (IST),Match 7 - Completed ,U,Patna,36  - 33,U Mumba beat Patna Pirates (36 - 33),2013
7,"Wednesday, 30 July",05:30 (IST),Match 8 - Completed ,Bengal,Bengaluru,30  - 46,Bengaluru Bulls beat Bengal Warriors (46 - 30),2013
8,"Thursday, 31 July",05:30 (IST),Match 9 - Completed ,Jaipur,Telugu,46  - 32,Jaipur Pink Panthers beat Telugu Titans (46 - 32),2013
9,"Thursday, 31 July",05:30 (IST),Match 10 - Completed ,Bengal,Dabang,42  - 40,Bengal Warriors beat Dabang Delhi (42 - 40),2013
10,"Friday, 01 August",05:30 (IST),Match 11 - Completed ,Telugu,Patna,35  - 38,Patna Pirates beat Telugu Titans (38 - 35),2013
11,"Friday, 01 August",05:30 (IST),Match 12 - Completed ,Bengal,Puneri,38  - 35,Bengal Warriors beat Puneri Paltan (38 - 35),2013
12,"Saturday, 02 August",05:30 (IST),Match 13 - Completed ,Patna,Jaipur,18  - 40,Jaipur Pink Panthers beat Patna Pirates (40 - 18),2013
13,"Saturday, 02 August",05:30 (IST),Match 14 - Completed ,Bengal,U,29  - 38,U Mumba beat Bengal Warriors (38 - 29),2013
14,"Sunday, 03 August",05:30 (IST),Match 15 - Completed ,Dabang,Telugu,35  - 39,Telugu Titans beat Dabang Delhi (39 - 35),2013
15,"Sunday, 03 August",05:30 (IST),Match 16 - Completed ,Puneri,Bengaluru,33  - 31,Puneri Paltan beat Bengaluru Bulls (33 - 31),2013
16,"Monday, 04 August",05:30 (IST),Match 17 - Completed ,U,Puneri,44  - 28,U Mumba beat Puneri Paltan (44 - 28),2013
17,"Monday, 04 August",05:30 (IST),Match 18 - Completed ,Dabang,Patna,31  - 36,Patna Pirates beat Dabang Delhi (36 - 31),2013
18,"Tuesday, 05 August",05:30 (IST),Match 19 - Completed ,Bengaluru,U,34  - 45,U Mumba beat Bengaluru Bulls (45 - 34),2013
19,"Tuesday, 05 August",05:30 (IST),Match 20 - Completed ,Dabang,Jaipur,31  - 40,Jaipur Pink Panthers beat Dabang Delhi (40 - 31),2013
20,"Wednesday, 06 August",05:30 (IST),Match 21 - Completed ,Dabang,Bengal,46  - 36,Dabang Delhi beat Bengal Warriors (46 - 36),2013
21,"Thursday, 07 August",05:30 (IST),Match 22 - Completed ,Patna,Puneri,35  - 27,Patna Pirates beat Puneri Paltan (35 - 27),2013
22,"Friday, 08 August",05:30 (IST),Match 23 - Completed ,Bengal,Telugu,40  - 35,Bengal Warriors beat Telugu Titans (40 - 35),2013
23,"Friday, 08 August",05:30 (IST),Match 24 - Completed ,Patna,U,37  - 37,Match Drawn (37 - 37),2013
24,"Saturday, 09 August",05:30 (IST),Match 25 - Completed ,Telugu,Jaipur,29  - 49,Jaipur Pink Panthers beat Telugu Titans (49 - 29),2013
25,"Saturday, 09 August",05:30 (IST),Match 26 - Completed ,Patna,Dabang,30  - 30,Match Drawn (30 - 30),2013
26,"Sunday, 10 August",05:30 (IST),Match 27 - Completed ,Jaipur,Bengal,39  - 23,Jaipur Pink Panthers beat Bengal Warriors (39 - 23),2013
27,"Sunday, 10 August",05:30 (IST),Match 28 - Completed ,Patna,Bengaluru,35  - 37,Bengaluru Bulls beat Patna Pirates (37 - 35),2013
28,"Tuesday, 12 August",05:30 (IST),Match 29 - Completed ,Puneri,Telugu,36  - 42,Telugu Titans beat Puneri Paltan (42 - 36),2013
29,"Wednesday, 13 August",05:30 (IST),Match 30 - Completed ,U,Bengaluru,30  - 33,Bengaluru Bulls beat U Mumba (33 - 30),2013
30,"Wednesday, 13 August",05:30 (IST),Match 31 - Completed ,Puneri,Bengal,40  - 30,Puneri Paltan beat Bengal Warriors (40 - 30),2013
31,"Thursday, 14 August",05:30 (IST),Match 32 - Completed ,Bengaluru,Dabang,27  - 29,Dabang Delhi beat Bengaluru Bulls (29 - 27),2013
32,"Thursday, 14 August",05:30 (IST),Match 33 - Completed ,Puneri,Jaipur,23  - 50,Jaipur Pink Panthers beat Puneri Paltan (50 - 23),2013
33,"Friday, 15 August",05:30 (IST),Match 34 - Completed ,Dabang,U,36  - 27,Dabang Delhi beat U Mumba (36 - 27),2013
34,"Friday, 15 August",05:30 (IST),Match 35 - Completed ,Puneri,Patna,31  - 37,Patna Pirates beat Puneri Paltan (37 - 31),2013
35,"Saturday, 16 August",05:30 (IST),Match 36 - Completed ,Telugu,Bengaluru,28  - 28,Match Drawn (28 - 28),2013
36,"Saturday, 16 August",05:30 (IST),Match 37 - Completed ,Bengal,Jaipur,33  - 41,Jaipur Pink Panthers beat Bengal Warriors (41 - 33),2013
37,"Sunday, 17 August",05:30 (IST),Match 38 - Completed ,Jaipur,Patna,30  - 52,Patna Pirates beat Jaipur Pink Panthers (52 - 30),2013
38,"Sunday, 17 August",05:30 (IST),Match 39 - Completed ,Telugu,U,44  - 43,Telugu Titans beat U Mumba (44 - 43),2013
39,"Monday, 18 August",05:30 (IST),Match 40 - Completed ,Patna,Bengal,28  - 30,Bengal Warriors beat Patna Pirates (30 - 28),2013
40,"Monday, 18 August",05:30 (IST),Match 41 - Completed ,Telugu,Puneri,60  - 24,Telugu Titans beat Puneri Paltan (60 - 24),2013
41,"Tuesday, 19 August",05:30 (IST),Match 42 - Completed ,Telugu,Dabang,45  - 26,Telugu Titans beat Dabang Delhi (45 - 26),2013
42,"Wednesday, 20 August",05:30 (IST),Match 43 - Completed ,Jaipur,Bengaluru,36  - 31,Jaipur Pink Panthers beat Bengaluru Bulls (36 - 31),2013
43,"Thursday, 21 August",05:30 (IST),Match 44 - Completed ,Bengal,Patna,32  - 36,Patna Pirates beat Bengal Warriors (36 - 32),2013
44,"Thursday, 21 August",05:30 (IST),Match 45 - Completed ,Jaipur,U,31  - 31,Match Drawn (31 - 31),2013
45,"Friday, 22 August",05:30 (IST),Match 46 - Completed ,Telugu,Bengal,34  - 34,Match Drawn (34 - 34),2013
46,"Friday, 22 August",05:30 (IST),Match 47 - Completed ,Jaipur,Dabang,41  - 31,Jaipur Pink Panthers beat Dabang Delhi (41 - 31),2013
47,"Saturday, 23 August",05:30 (IST),Match 48 - Completed ,Patna,Telugu,29  - 32,Telugu Titans beat Patna Pirates (32 - 29),2013
48,"Saturday, 23 August",05:30 (IST),Match 49 - Completed ,Jaipur,Puneri,33  - 27,Jaipur Pink Panthers beat Puneri Paltan (33 - 27),2013
49,"Sunday, 24 August",05:30 (IST),Match 50 - Completed ,Bengaluru,Bengal,37  - 24,Bengaluru Bulls beat Bengal Warriors (37 - 24),2013
50,"Sunday, 24 August",05:30 (IST),Match 51 - Completed ,U,Dabang,37  - 30,U Mumba beat Dabang Delhi (37 - 30),2013
51,"Monday, 25 August",05:30 (IST),Match 52 - Completed ,Dabang,Puneri,45  - 22,Dabang Delhi beat Puneri Paltan (45 - 22),2013
52,"Monday, 25 August",05:30 (IST),Match 53 - Completed ,Bengaluru,Patna,31  - 33,Patna Pirates beat Bengaluru Bulls (33 - 31),2013
53,"Tuesday, 26 August",05:30 (IST),Match 54 - Completed ,Bengaluru,Telugu,27  - 26,Bengaluru Bulls beat Telugu Titans (27 - 26),2013
54,"Wednesday, 27 August",05:30 (IST),Match 55 - Completed ,Puneri,U,35  - 36,U Mumba beat Puneri Paltan (36 - 35),2013
55,"Wednesday, 27 August",05:30 (IST),Match 56 - Completed ,Bengaluru,Jaipur,30  - 29,Bengaluru Bulls beat Jaipur Pink Panthers (30 - 29),2013
56,"Friday, 29 August",05:30 (IST),Semi-Final 1 - Completed ,Jaipur,Patna,38  - 18,Jaipur Pink Panthers beat Patna Pirates (38 - 18),2013
57,"Friday, 29 August",05:30 (IST),Semi-Final 2 - Completed ,U,Bengaluru,27  - 23,U Mumba beat Bengaluru Bulls (27 - 23),2013
58,"Sunday, 31 August",05:30 (IST),3rd Place Playoff - Completed ,Patna,Bengaluru,29  - 22,Patna Pirates beat Bengaluru Bulls (29 - 22),2013
59,"Sunday, 31 August",05:30 (IST),Final - Completed ,Jaipur,U,35  - 24,Jaipur Pink Panthers beat U Mumba (35 - 24),2013
